taker_address,n,wins,pnl_total,pnl_mean,pnl_std,hit_rate,sharpe_analog
0xed61f86bb5298d2f27c21c433ce58d80b88a9aa3,13803,7181,288012.3489433211,20.86592399792227,168.32409361362875,0.5202492211838006,0.12396278839212363
0x1cbea0d402f7e9179252c66599c26a37e1d712bc,10818,5743,85749.26392858228,7.926535767108733,104.6117563247628,0.5308744684784619,0.07577098450102622
0x96e17ba97e081732a552f410eb35ee972cad50aa,7359,4025,53990.800494690906,7.33670342365687,127.18496866162805,0.5469493137654573,0.057685302759133104
0x1b5e20a28d7115f10ce6190a5ae9a91169be83f8,3825,2118,48796.44564589165,12.757240691736378,106.45394705971133,0.5537254901960784,0.11983811821069147
0xa92579f21a36bcda2c6f073fc9764481bb90e1c8,5648,3062,43177.79295741096,7.644793370646416,135.4085177838609,0.5421388101983002,0.05645725612955188
