category,n_trades,pnl,hit_rate
Sports,1307603,2736959.529336955,0.5074460673461287
