{
  "category": "sports",
  "watchlist_after_filter": 62,
  "n_copy_trades": 84181,
  "hit_rate": 0.5576317696392298,
  "total_pnl": 1053908.3580098713,
  "avg_pnl_per_trade": 12.519551419083538,
  "roi_if_serial": 0.12519551419083538
}